catalogNumber;genus;specificEpithet;scientificNameAuthorship;acceptedNameUsage;family;countryCode;locality;year;recordedBy;Image GUID
Sheet-0002377;Rubus;tereticaulis;P.J. Müller;Rubus tereticaulis P. J. Müll.;Rosaceae;CH;Schnottwil, allg.;1972;Bangerter Hermann;8da085a7-8704-4a8b-acb6-8a5e208f9c3c
Sheet-0002378;Rubus;tereticaulis;P.J. Müller;Rubus tereticaulis P. J. Müll.;Rosaceae;CH;Zuchwil, allg.;1964;Bangerter Hermann;7e16e85f-049d-4f00-a98e-39a3d93db841
Sheet-0002379;Rubus;tereticaulis;P.J. Müller;Rubus tereticaulis P. J. Müll.;Rosaceae;CH;Schönenwerd, allg.;1971;Bangerter Hermann;3837a45f-61e1-40c0-93c6-993fd9968fa5
Sheet-0002380;Rubus;tereticaulis;P.J. Müller;Rubus tereticaulis P. J. Müll.;Rosaceae;CH;Schönenwerd, allg.;1971;Bangerter Hermann;7f3880e9-545c-4650-a8b3-8093aa7e6b63
Sheet-0002381;Rubus;tereticaulis;P.J. Müller;Rubus tereticaulis P. J. Müll.;Rosaceae;CH;Schönenwerd, allg.;1971;Bangerter Hermann;56565043-77c7-475b-8b6d-8b6560153f7f
Sheet-0002382;Rubus;tereticaulis;P.J. Müller;Rubus tereticaulis P. J. Müll.;Rosaceae;CH;Schönenwerd, allg.;1971;Bangerter Hermann;c5f539c3-1931-4006-a4de-9bd0c34e4b80
Sheet-0002383;Rubus;tereticaulis;P.J. Müller;Rubus tereticaulis P. J. Müll.;Rosaceae;CH;Mühledorf, allg.;1970;Bangerter Hermann;9316ac62-16f0-456b-958f-a68e899d685b
Sheet-0002384;Rubus;tereticaulis;P.J. Müller;Rubus tereticaulis P. J. Müll.;Rosaceae;CH;Schnottwil, allg.;1969;Bangerter Hermann;b65da741-2332-4bc2-9607-7d9ac379de54
Sheet-0002385;Rubus;tereticaulis;P.J. Müller;Rubus tereticaulis P. J. Müll.;Rosaceae;CH;Egerkingen, allg.;1973;Bangerter Hermann;302b40eb-1551-4aad-9baa-87d0c0be57ca
Sheet-0002386;Rubus;tereticaulis;P.J. Müller;Rubus tereticaulis P. J. Müll.;Rosaceae;CH;Olten, allg.;1968;Bangerter Hermann;9f39d9b0-8dfb-49d2-9102-69df430ea89f
Sheet-0002388;Rubus;tereticaulis;P.J. Müller;Rubus tereticaulis P. J. Müll.;Rosaceae;CH;Däniken, allg.;1967;Bangerter Hermann;d7314a94-abbe-4708-8f03-2be71cd0619a
Sheet-0002387;Rubus;tereticaulis;P.J. Müller;Rubus tereticaulis P. J. Müll.;Rosaceae;CH;Däniken, allg.;1967;Bangerter Hermann;17fffcf9-af73-42dc-a821-0d11bbdc0bf1
Sheet-0002389;Rubus;tereticaulis;P.J. Müller;Rubus tereticaulis P. J. Müll.;Rosaceae;CH;Schnottwil, allg.;1968;Bangerter Hermann;ddfc7a4e-6516-4183-962e-1a0153d7eacc
Sheet-0002390;Rubus;tereticaulis;P.J. Müller;Rubus tereticaulis P. J. Müll.;Rosaceae;CH;Gunzgen, allg.;1974;Bangerter Hermann;dfbbc93a-1e59-4c13-ab00-16f597cafc78
Sheet-0002391;Rubus;tereticaulis;P.J. Müller;Rubus tereticaulis P. J. Müll.;Rosaceae;CH;Gunzgen, allg.;1974;Bangerter Hermann;40aa72dc-2c1a-4675-9a1e-0217d76336a3
Sheet-0002392;Rubus;tereticaulis;P.J. Müller;Rubus tereticaulis P. J. Müll.;Rosaceae;CH;Gunzgen, allg.;1974;Bangerter Hermann;e309b5ea-41ab-4204-8720-b0dad84430e2
Sheet-0002393;Rubus;tereticaulis;P.J. Müller;Rubus tereticaulis P. J. Müll.;Rosaceae;CH;Schönenwerd, allg.;1974;Bangerter Hermann;d05627b4-7e43-426c-a2a8-3301369cd872
Sheet-0002394;Rubus;tereticaulis;P.J. Müller;Rubus tereticaulis P. J. Müll.;Rosaceae;CH;Gunzgen, allg.;1974;Bangerter Hermann;79c7c2eb-656b-4d79-9071-fe0cc6cdf091
Sheet-0002395;Rubus;tereticaulis;P.J. Müller;Rubus tereticaulis P. J. Müll.;Rosaceae;CH;Schönenwerd, allg.;1974;Bangerter Hermann;174421ad-3762-451b-aac6-93d4d55699e0
Sheet-0002396;Rubus;tereticaulis;P.J. Müller;Rubus tereticaulis P. J. Müll.;Rosaceae;CH;Gunzgen, allg.;1974;Bangerter Hermann;f561de26-e434-44ec-b83d-fdeef5720257
Sheet-0002397;Rubus;tereticaulis;P.J. Müller;Rubus tereticaulis P. J. Müll.;Rosaceae;CH;Egerkingen, allg.;1973;Bangerter Hermann;5df1b27d-26a6-4ec9-8ee9-e9cdb3db2835
Sheet-0002398;Rubus;tereticaulis;P.J. Müller;Rubus tereticaulis P. J. Müll.;Rosaceae;CH;Messen, allg.;1974;Bangerter Hermann;612c7ef6-e302-41e2-a3ad-03a3b4658d11
Sheet-0002399;Rubus;tereticaulis;P.J. Müller;Rubus tereticaulis P. J. Müll.;Rosaceae;CH;Egerkingen, allg.;1973;Bangerter Hermann;c2c6253d-313e-4c5a-8f3b-4e06b3e50250
Sheet-0002400;Rubus;tereticaulis;P.J. Müller;Rubus tereticaulis P. J. Müll.;Rosaceae;CH;Hägendorf, allg.;1973;Bangerter Hermann;339845d1-5ab7-47f1-865b-301d3281e6c9
Sheet-0002401;Rubus;tereticaulis;P.J. Müller;Rubus tereticaulis P. J. Müll.;Rosaceae;CH;Biberist, allg.;1974;Bangerter Hermann;8bbf899c-2631-4c88-8066-0b1ce6cc438f
Sheet-0002402;Rubus;tereticaulis;P.J. Müller;Rubus tereticaulis P. J. Müll.;Rosaceae;CH;Hägendorf, allg.;1973;Bangerter Hermann;7aec6791-f063-4dd4-a035-407fea893422
Sheet-0002403;Rubus;tereticaulis;P.J. Müller;Rubus tereticaulis P. J. Müll.;Rosaceae;CH;Egerkingen, allg.;1973;Bangerter Hermann;8a7cc5ba-3812-4709-90b0-ccb40f8b864b
Sheet-0002404;Rubus;tereticaulis;P.J. Müller;Rubus tereticaulis P. J. Müll.;Rosaceae;CH;Egerkingen, allg.;1973;Bangerter Hermann;228656b6-7461-4030-871b-3eba6c4ff9af
Sheet-0002405;Rubus;tereticaulis;P.J. Müller;Rubus tereticaulis P. J. Müll.;Rosaceae;CH;Egerkingen, allg.;1973;Bangerter Hermann;3d3e99b1-2dff-434b-b36e-12182e3c8827
Sheet-0002406;Rubus;tereticaulis;P.J. Müller;Rubus tereticaulis P. J. Müll.;Rosaceae;CH;Egerkingen, allg.;1973;Bangerter Hermann;49c3914a-36ad-40e4-8669-105fbd815762
Sheet-0002407;Rubus;tereticaulis;P.J. Müller;Rubus tereticaulis P. J. Müll.;Rosaceae;CH;Olten, NE, Hardwald, Hasli;1966;Bangerter Hermann;ced74df5-d98d-440b-b83f-a1ed63fcf06a
Sheet-0002408;Rubus;tereticaulis;P.J. Müller;Rubus tereticaulis P. J. Müll.;Rosaceae;CH;Olten, NE, Hardwald, Hasli;1966;Bangerter Hermann;55d33f90-16b6-4730-95fc-fb559a839a41
Sheet-0002409;Rubus;tereticaulis;P.J. Müller;Rubus tereticaulis P. J. Müll.;Rosaceae;CH;Eppenberg-Wöschnau;1966;Bangerter Hermann;0893f4d8-3d33-4e6f-8ec4-21b866d207f6
Sheet-0002410;Rubus;tereticaulis;P.J. Müller;Rubus tereticaulis P. J. Müll.;Rosaceae;CH;Olten, NE, Hardwald, Hasli;1966;Bangerter Hermann;e6c9b6b7-e24c-4fd9-b095-05ecac621f32
Sheet-0002411;Rubus;tereticaulis;P.J. Müller;Rubus tereticaulis P. J. Müll.;Rosaceae;CH;Eppenberg-Wöschnau;1966;Bangerter Hermann;498e00f9-1d23-4240-8e48-8a8e816605e1
Sheet-0002412;Rubus;tereticaulis;P.J. Müller;Rubus tereticaulis P. J. Müll.;Rosaceae;CH;Schönenwerd, allg.;1966;Bangerter Hermann;f0ef6c3c-e1ac-4309-88e0-e6851b5ff4ed
Sheet-0002413;Rubus;tereticaulis;P.J. Müller;Rubus tereticaulis P. J. Müll.;Rosaceae;CH;Schönenwerd, allg.;1966;Bangerter Hermann;a2dee931-893f-4e96-98fe-6130df834999
Sheet-0002414;Rubus;tereticaulis;P.J. Müller;Rubus tereticaulis P. J. Müll.;Rosaceae;CH;Zuchwil, allg.;1967;Bangerter Hermann;3cf31e97-59f1-42a9-9de5-412654578c87
Sheet-0002415;Rubus;tereticaulis;P.J. Müller;Rubus tereticaulis P. J. Müll.;Rosaceae;CH;Kienberg, allg.;1965;Bangerter Hermann;addd2a82-20fa-4f7b-b831-67d84a5dc4f1
Sheet-0002416;Rubus;tereticaulis;P.J. Müller;Rubus tereticaulis P. J. Müll.;Rosaceae;CH;Schönenwerd, allg.;1971;Bangerter Hermann;285364c0-dc24-4377-a378-314b62026fff
Sheet-0002417;Rubus;tereticaulis;P.J. Müller;Rubus tereticaulis P. J. Müll.;Rosaceae;CH;Wangen b. Olten, allg.;1971;Bangerter Hermann;2336b47f-c47a-4f75-bc3f-e6037bade9bd
Sheet-0002418;Rubus;tereticaulis;P.J. Müller;Rubus tereticaulis P. J. Müll.;Rosaceae;CH;Wangen b. Olten, allg.;1971;Bangerter Hermann;dd2f9666-ffe0-4356-a247-e44278d317fe
Sheet-0002419;Rubus;tereticaulis;P.J. Müller;Rubus tereticaulis P. J. Müll.;Rosaceae;CH;Schönenwerd, allg.;1971;Bangerter Hermann;2abb277a-3ce3-47ce-819e-29dbd16702b6
Sheet-0002420;Rubus;tereticaulis;P.J. Müller;Rubus tereticaulis P. J. Müll.;Rosaceae;CH;Schönenwerd, allg.;1973;Bangerter Hermann;98e46619-1814-4909-98eb-6223bee570d7
Sheet-0002421;Rubus;tereticaulis;P.J. Müller;Rubus tereticaulis P. J. Müll.;Rosaceae;CH;Schnottwil, allg.;1973;Bangerter Hermann;b6956074-6f8a-4a34-aeee-fd99e70f1fdc
Sheet-0002422;Rubus;tereticaulis;P.J. Müller;Rubus tereticaulis P. J. Müll.;Rosaceae;CH;Lüterkofen (Lüterkofen-Ichertswil), allg.;1973;Bangerter Hermann;c0b361fd-7ff8-4796-8250-1d5f458bd071
Sheet-0002423;Rubus;tereticaulis;P.J. Müller;Rubus tereticaulis P. J. Müll.;Rosaceae;CH;Lüterkofen (Lüterkofen-Ichertswil), allg.;1973;Bangerter Hermann;f32c8645-7de4-4568-80d4-e40f92de04eb
Sheet-0002424;Rubus;tereticaulis;P.J. Müller;Rubus tereticaulis P. J. Müll.;Rosaceae;CH;Schönenwerd, allg.;1973;Bangerter Hermann;5fdcd0c4-c8e3-44e3-a0b6-1ac3ecfe5b69
Sheet-0002425;Rubus;tereticaulis;P.J. Müller;Rubus tereticaulis P. J. Müll.;Rosaceae;CH;Lüterkofen (Lüterkofen-Ichertswil), allg.;1973;Bangerter Hermann;3394c2ad-4d4f-468f-9acc-8671000f4084
Sheet-0002426;Rubus;tereticaulis;P.J. Müller;Rubus tereticaulis P. J. Müll.;Rosaceae;CH;Schnottwil, allg.;1973;Bangerter Hermann;660e2f9a-62fd-4a17-92de-f9c7c475dd9c
Sheet-0002427;Rubus;tereticaulis;P.J. Müller;Rubus tereticaulis P. J. Müll.;Rosaceae;CH;Lüterkofen (Lüterkofen-Ichertswil), allg.;1973;Bangerter Hermann;83f21fc0-6686-4084-8556-a83aaeb8a9c4
Sheet-0002428;Rubus;tereticaulis;P.J. Müller;Rubus tereticaulis P. J. Müll.;Rosaceae;CH;Hägendorf, allg.;1968;Bangerter Hermann;29f9c6a8-cc27-492d-95e8-748be6c010f2
Sheet-0002429;Rubus;furvus;Sudre;#NV;#NV;CH;Däniken, allg.;1967;Bangerter Hermann;667ddb6a-40b4-4fa9-84a6-3d3f15f6dfee
Sheet-0002430;Rubus;furvus;Sudre;#NV;#NV;CH;Gretzenbach, allg.;1976;Bangerter Hermann;4410ec65-b8fe-4491-9c70-0bcb1354f9d7
Sheet-0002431;Rubus;furvus;Sudre;#NV;#NV;CH;Schnottwil, allg.;1969;Bangerter Hermann;31b9f7d0-0440-4689-8cdb-ef41da4bed37
Sheet-0002432;Rubus;furvus;Sudre;#NV;#NV;;;;Bangerter Hermann;0cbff17e-2695-4650-9a62-3df1666736eb
Sheet-0002433;Rubus;furvus;Sudre;#NV;#NV;CH;Schönenwerd, allg.;1973;Bangerter Hermann;fab7f08b-d1d5-4a8d-93d0-46eef337c526
Sheet-0002434;Rubus;furvus;Sudre;#NV;#NV;CH;Schönenwerd, allg.;1971;Bangerter Hermann;7390a500-4c74-46fc-83f6-c4dd4e5e0d0e
Sheet-0002435;Rubus;menkei;Weihe & Nees;Rubus distractus Wirtg.;Rosaceae;CH;Bibern, allg.;1972;Bangerter Hermann;53313b8e-6a66-4e54-81c6-52235f2e9fe6
Sheet-0002436;Rubus;suavifolius;Gremli;#NV;#NV;CH;Mümliswil (Mümliswil-Ramiswil), allg.;1957;Bangerter Hermann;2693ed65-43b0-4a14-adec-af25128f4aa4
Sheet-0002437;Rubus;bregutiensis;A. Kerner;Rubus bregutiensis Focke;Rosaceae;CH;Erlinsbach, S, Niedererlinsbach;1969;Bangerter Hermann;3e2e92d9-41d6-4fde-997a-cf6a2ce14947
Sheet-0002438;Rubus;bregutiensis;A. Kerner;Rubus bregutiensis Focke;Rosaceae;CH;Schnottwil;1972;Bangerter Hermann;c5a3f24d-aa2e-4fe4-9c5e-00a14d36eea6
Sheet-0002439;Rubus;menkei;Weihe & Nees;;Rosaceae;CH;Mümliswil - Ramiswil;1957;Bangerter Hermann;8f5f1b5c-9563-4650-af04-c17dab26ac21
Sheet-0002440;Rubus;macrostachys;P.J. Mueller;#NV;#NV;CH;Schönenwerd, allg.;1976;Bangerter Hermann;b0d15d05-24c5-4e08-a90e-f2d80e509e15
Sheet-0002441;Rubus;macrostachys;P.J. Mueller;#NV;#NV;CH;Boningen, allg.;1975;Bangerter Hermann;3637587a-d595-4f1c-a675-693b9e8d1158
Sheet-0002442;Rubus;macrostachys;P.J. Mueller;#NV;#NV;CH;Boningen, allg.;1975;Bangerter Hermann;4c5507e5-1ecf-452b-a1d5-3da72123ed0c
Sheet-0002443;Rubus;macrostachys;P.J. Mueller;#NV;#NV;CH;Schönenwerd, allg.;1969;Bangerter Hermann;0a1519cc-6b3c-43cc-a0b0-82c0cc39cc11
Sheet-0002444;Rubus;macrostachys;P.J. Mueller;#NV;#NV;CH;Gunzgen, allg.;1974;Bangerter Hermann;261238c8-f02c-41f5-bf8c-a375b606b3f5
Sheet-0002445;Rubus;macrostachys;P.J. Mueller;#NV;#NV;CH;Gunzgen, allg.;1974;Bangerter Hermann;5d52327a-41c0-455e-838b-e47d2aed7959
Sheet-0002446;Rubus;macrostachys;P.J. Mueller;#NV;#NV;CH;Bibern, allg.;1974;Bangerter Hermann;a3d2a297-ad2c-402c-b247-27545eac6108
Sheet-0002447;Rubus;macrostachys;P.J. Mueller;#NV;#NV;CH;Messen, allg.;1974;Bangerter Hermann;1cb37b0c-e0d7-4242-8a6a-f8db05497cf4
Sheet-0002448;Rubus;macrostachys;P.J. Mueller;#NV;#NV;CH;Schnottwil, allg.;1971;Bangerter Hermann;2decfd0c-51a9-46b2-8c7f-36554624e0a8
Sheet-0002449;Rubus;macrostachys;P.J. Mueller;#NV;#NV;CH;Schönenwerd, allg.;1971;Bangerter Hermann;d64a1a56-616c-43ef-be5f-cf3cb5c74aa6
Sheet-0002450;Rubus;macrostachys;P.J. Mueller;#NV;#NV;CH;Schönenwerd, allg.;1971;Bangerter Hermann;9730c80a-775c-43be-a91f-6b681477f5e2
Sheet-0002451;Rubus;macrostachys;P.J. Mueller;#NV;#NV;CH;Lüterkofen (Lüterkofen-Ichertswil), allg.;1969;Bangerter Hermann;4edecc81-81b6-4138-9c56-d4949c59b40d
Sheet-0002452;Rubus;macrostachys;P.J. Mueller;#NV;#NV;CH;Obererlinsbach, allg.;1964;Bangerter Hermann;f2ac4f36-8185-4599-9309-cc43491f3e63
Sheet-0002453;Rubus;macrostachys;P.J. Mueller;#NV;#NV;CH;Schnottwil, allg.;1973;Bangerter Hermann;399417ac-26b4-4f35-a5c6-9187a33e61da
Sheet-0002454;Rubus;macrostachys;P.J. Mueller;#NV;#NV;CH;Schnottwil, allg.;1973;Bangerter Hermann;a79e0d86-9013-4ff2-bbac-2decf740449f
Sheet-0002455;Rubus;macrostachys;P.J. Mueller;#NV;#NV;CH;Schönenwerd, allg.;1969;Bangerter Hermann;ae6e651a-90d1-433e-b627-c1f8d2e008ac
Sheet-0002456;Rubus;timbal-lagravei;P.J. Mueller;#NV;#NV;CH;Schönenwerd, allg.;1974;Bangerter Hermann;d8c0115a-36c8-42da-987a-a96f887397fd
Sheet-0002457;Rubus;timbal-lagravei;P.J. Mueller;#NV;#NV;CH;Bibern, allg.;1974;Bangerter Hermann;56f472ae-7d91-4515-b490-84237c193a5d
Sheet-0002458;Rubus;timbal-lagravei;P.J. Mueller;#NV;#NV;CH;Tscheppach;1968;Bangerter Hermann;4c9cfc88-f03c-4fcf-88fb-ec8a3cfd6b4a
Sheet-0002459;Rubus;canescens;DC.;Rubus canescens DC.;Rosaceae;CH;Schnottwil, allg.;1971;Bangerter Hermann;974fdda5-a917-42b9-b4f5-a52406c8f966
Sheet-0002460;Rubus;canescens;DC.;Rubus canescens DC.;Rosaceae;CH;Obererlinsbach, allg.;1964;Bangerter Hermann;7ab1c121-0e1d-4215-b88b-84127af662f4
Sheet-0002461;Rubus;canescens;DC.;Rubus canescens DC.;Rosaceae;CH;Wangen b. Olten, Born, allg.;1971;Bangerter Hermann;df222f23-b31a-4855-8267-0f29a8d550a6
Sheet-0002462;Rubus;canescens;DC.;Rubus canescens DC.;Rosaceae;CH;Wangen b. Olten, Born, allg.;1971;Bangerter Hermann;b0cfcbf6-8c73-431a-b7ff-c548c719edc2
Sheet-0002463;Rubus;canescens;DC.;Rubus canescens DC.;Rosaceae;CH;Wangen b. Olten, allg.;1971;Bangerter Hermann;caee6af9-033e-4620-9d7f-aa78bc503506
Sheet-0002464;Rubus;canescens;DC.;Rubus canescens DC.;Rosaceae;CH;Wangen b. Olten, allg.;1971;Bangerter Hermann;028dabac-be88-4a2e-8045-47821569b664
Sheet-0002465;Rubus;canescens;DC.;Rubus canescens DC.;Rosaceae;CH;Wangen b. Olten, allg.;1963;Bangerter Hermann;0f8129d8-5f43-4516-bf9d-423a59b2a725
Sheet-0002467;Rubus;canescens;DC.;Rubus canescens DC.;Rosaceae;CH;Wangen b. Olten, allg.;1963;Bangerter Hermann;ec853811-e177-4e6c-9652-c6fb69cfa58e
Sheet-0002468;Rubus;canescens;DC.;Rubus canescens DC.;Rosaceae;CH;Wangen b. Olten, allg.;1963;Bangerter Hermann;b0bb9f74-17a3-40b5-9c53-3f8842fbff9c
Sheet-0002469;Rubus;canescens;DC.;Rubus canescens DC.;Rosaceae;CH;Erlinsbach, NW, Rotholz, Barmelweid;1963;Bangerter Hermann;f2e5a029-0f17-456e-88cf-f25783a7c4cb
Sheet-0002470;Rubus;canescens;DC.;Rubus canescens DC.;Rosaceae;CH;Rohr (SO), E, Rosmaregg, Balmis, Rütflue;1963;Bangerter Hermann;41bcb2c5-3d74-4679-bdc7-2a36c23d7e6e
Sheet-0002471;Rubus;canescens;DC.;Rubus canescens DC.;Rosaceae;CH;Wangen b. Olten, allg.;1963;Bangerter Hermann;b4bee263-5272-4355-8068-94ffe3368da5
Sheet-0002472;Rubus;canescens;DC.;Rubus canescens DC.;Rosaceae;CH;Stüsslingen, allg.;1964;Bangerter Hermann;e74546f4-13e2-4836-94f0-6fc12e442869
Sheet-0002473;Rubus;canescens;DC.;Rubus canescens DC.;Rosaceae;#H;;#NV;Bangerter Hermann;a9032981-4172-4169-acba-67502342c3fa
Sheet-0002474;Rubus;canescens;DC.;Rubus canescens DC.;Rosaceae;CH;Boningen, allg.;1975;Bangerter Hermann;3753efca-df8a-4804-ac06-6c57c2878c42
Sheet-0002475;Rubus;canescens;DC.;Rubus canescens DC.;Rosaceae;CH;Dulliken, Engelberg, allg.;1962;Bangerter Hermann;59c67c40-aba6-4156-aea2-c237418865fd
Sheet-0002476;Rubus;canescens;DC.;Rubus canescens DC.;Rosaceae;CH;Hägendorf, allg.;1973;Bangerter Hermann;ba6d8ac0-bb7e-4f31-b868-19e54b2698cd
Sheet-0002477;Rubus;canescens;DC.;Rubus canescens DC.;Rosaceae;CH;Hägendorf, allg.;1973;Bangerter Hermann;3ec88798-d19b-4ae1-ad50-71d7348e4351
Sheet-0002478;Rubus;canescens;DC.;Rubus canescens DC.;Rosaceae;CH;Hägendorf, allg.;1973;Bangerter Hermann;fc051137-bda0-407e-8b7b-7c040fa769cd
Sheet-0002479;Rubus;canescens;DC.;Rubus canescens DC.;Rosaceae;CH;Rothacker;1968;Bangerter Hermann;90389dc0-c36a-40d8-b6d8-fd5c749dbe9f
Sheet-0002480;Rubus;canescens;DC.;Rubus canescens DC.;Rosaceae;CH;Schnottwil, allg.;1968;Bangerter Hermann;31e32ed7-4cca-4c3c-8f47-8c3c633c2e31
Sheet-0002481;Rubus;canescens;DC.;Rubus canescens DC.;Rosaceae;CH;Eppenberg-Wöschnau;1967;Bangerter Hermann;8cbadc1d-df1e-4d40-bfc5-b1eeaaadffa8
Sheet-0002482;Rubus;canescens;DC.;Rubus canescens DC.;Rosaceae;CH;Schönenwerd, allg.;1975;Bangerter Hermann;65a5b3bb-d396-4b1a-a875-1ffdda2cb8d3
Sheet-0002483;Rubus;plicatus;Weihe & Nees;#NV;#NV;CH;Rothacker;1968;Bangerter Hermann;4198bb77-90d3-48e3-be04-003690b84c90
Sheet-0002484;Rubus;macrostachys;P.J. Mueller;#NV;#NV;CH;Schönenwerd, allg.;1976;Bangerter Hermann;c152e6ba-d89f-4444-a836-289510b74eb9
Sheet-0002485;Rubus;chloocladus;W.C.R. Watson;#NV;#NV;CH;Zuchwil, Mitte, Birchi;1964;Bangerter Hermann;909296c9-6f4e-46bd-8f59-356a10ea9cb9
Sheet-0002486;Rubus;pallidus;Weihe & Nees;#NV;#NV;CH;Bibern, allg.;1972;Bangerter Hermann;a2331212-ba23-40b0-b65c-3d89da56ad2b
Sheet-0002487;Rubus;pallidus;Weihe & Nees;#NV;#NV;CH;Schönenwerd, allg.;1971;Bangerter Hermann;ba919547-4131-47d3-94ac-0cd29419a044
Sheet-0002488;Rubus;pallidus;Weihe & Nees;#NV;#NV;CH;Erlinsbach, S, Niedererlinsbach;1970;Bangerter Hermann;878a8741-9087-4475-938d-0ae6a065cfe8
Sheet-0002489;Rubus;pallidus;Weihe & Nees;#NV;#NV;CH;Stüsslingen, allg.;1964;Bangerter Hermann;35e2db00-4ad5-4a1c-89f2-b4d8038c302f
Sheet-0002490;Rubus;colemannii;Bloxen;#NV;#NV;CH;Eppenberg-Wöschnau;1976;Bangerter Hermann;7513c4ad-5588-4eb3-8567-1b225b481cc2
Sheet-0002491;Rubus;colemannii;Bloxen;#NV;#NV;CH;Schönenwerd, allg.;1976;Bangerter Hermann;7ac5f771-02c5-476e-a74b-30af785a1597
Sheet-0002492;Rubus;cordifolius;Weihe & Nees;#NV;#NV;CH;Rothacker;1967;Bangerter Hermann;63436b14-69c3-4fdc-aaec-2b1c0eb1698e
Sheet-0002493;Rubus;cordifolius;Weihe & Nees;#NV;#NV;CH;Rothacker;1967;Bangerter Hermann;d92c7947-f37e-47eb-ba3a-8ea254c48941
Sheet-0002494;Rubus;cordifolius;Weihe & Nees;#NV;#NV;CH;Schönenwerd, allg.;1969;Bangerter Hermann;e9f9f625-605d-4682-a054-2c3dd74492d9
Sheet-0002495;Rubus;apiculatus;Weihe & Nees;#NV;#NV;CH;Schnottwil, allg.;1972;Bangerter Hermann;1cb1487b-0fc9-4b24-9f63-13b2ba8d18d8
Sheet-0002496;Rubus;apiculatus;Weihe & Nees;#NV;#NV;CH;Schnottwil, allg.;1969;Bangerter Hermann;bd74a4b8-4830-4f32-9931-48bb985da955
Sheet-0002497;Rubus;apiculatus;Weihe & Nees;#NV;#NV;CH;Olten, allg.;1970;Bangerter Hermann;c1aa8cb5-f1f0-486b-9ee8-c91ddcdcaf90
Sheet-0002498;Rubus;apiculatus;Weihe & Nees;#NV;#NV;CH;Erlinsbach, S, Niedererlinsbach;1970;Bangerter Hermann;1c994dc8-b208-4271-b414-425868901a2c
Sheet-0002499;Rubus;apiculatus;Weihe & Nees;#NV;#NV;CH;Schnottwil, allg.;1969;Bangerter Hermann;a5892d3d-0ab6-4378-b13b-66579ceaf4f9
Sheet-0002500;Rubus;apiculatus;Weihe & Nees;#NV;#NV;CH;Erlinsbach, S, Niedererlinsbach;1969;Bangerter Hermann;c08b499b-f0ce-4751-a7c7-5ebfe09243e3
BERN-0065007;Pulmonaria;longifolia subsp. Delphinensis;Bolliger;Pulmonaria longifolia (Bastard) Boreau;Boraginaceae;FR;after the first big curve to Lens, on the left of the road;1978;Bolliger Markus;1d089289-4784-4598-a0a2-5df186e49fe8
Sheet-0061963;Potamogeton;polygonifolius;Pourret;Potamogeton polygonifolius Pourr.;Potamogetonaceae;CH;Agno;1950;Berger E.;c443ef20-1035-4e6c-87d3-eb748263144d
Sheet-0061931;Potamogeton;coloratus;Hornem.;Potamogeton coloratus Hornem.;Potamogetonaceae;CH;Bellechasse, west of the road Ins-Murten, near au Peage;1943;Berger E.;539ff0ea-942f-451a-a712-788986d74cf1
Sheet-0061935;Potamogeton;coloratus;Hornem.;Potamogeton coloratus Hornem.;Potamogetonaceae;CH;Bellechasse, west of the road Ins-Murten, near au Peage;1943;Berger E.;826243b0-196d-4aca-b3ec-c5d73906c2aa
BERN-0065030;Ribes;fragrans;Pallas;Ribes fragrans Pall.;Grossulariaceae;RU;Berghang zwischen den Fluessen Schartla und Anjutcha;1984;Clerc Ph. | Ammann Klaus | Scheidegger Chr.;030d30ca-976c-4cdf-a18c-17fde2b3545b
BERN-0065031;Ribes;fragrans;Pallas;Ribes fragrans Pall.;Grossulariaceae;RU;Berghang zwischen den Fluessen Schartla und Anjutcha;1984;Clerc Ph. | Ammann Klaus | Scheidegger Chr.;6545ea54-bc26-4f46-a62a-9ade03c98f5a
BERN-0065003;Pulmonaria;longifolia subsp. cevennesis;Bolliger;Pulmonaria longifolia (Bastard) Boreau;Boraginaceae;FR;Bois des Ginestoux;1978;Bolliger Markus;627ea452-05dd-46fb-91d3-fa2b548697e2
BERN-0065004;Pulmonaria;longifolia subsp. cevennesis;Bolliger;Pulmonaria longifolia (Bastard) Boreau;Boraginaceae;FR;Bois des Ginestoux;1978;Bolliger Markus;fdae7854-66d0-46d8-afaa-d32aa09b2454
BERN-0065005;Pulmonaria;longifolia subsp. cevennesis;Bolliger;Pulmonaria longifolia (Bastard) Boreau;Boraginaceae;FR;Bois des Ginestoux;1978;Bolliger Markus;6f756c0d-09e5-4b56-8127-1697e7efca14
BERN-0065006;Pulmonaria;longifolia subsp. cevennesis;Bolliger;Pulmonaria longifolia (Bastard) Boreau;Boraginaceae;FR;Bois des Ginestoux;1978;Bolliger Markus;7eee6a43-5ee0-40b2-b6a1-9cc301a0ddc5
Sheet-0061917;Potamogeton;acutifolius;Link;Potamogeton acutifolius Link;Potamogetonaceae;CH;Bonfol;1959;Itten Hans;63d1892e-9a8b-499e-815f-9f30656ba1ac
Sheet-0061980;Potamogeton;obtusifolius;M. et K.;Potamogeton obtusifolius Mert. & W. D. J. Koch;Potamogetonaceae;CH;Bonfol;1945;Knoblauch P.;1a3981e9-c06a-443e-9f62-a777f3465fdd
Sheet-0061981;Potamogeton;obtusifolius;M. et K.;Potamogeton obtusifolius Mert. & W. D. J. Koch;Potamogetonaceae;CH;Bonfol;1945;Rytz W.;032c40a1-1634-47d2-9736-8c73788c1550
Sheet-0061982;Potamogeton;obtusifolius;M. et K.;Potamogeton obtusifolius Mert. & W. D. J. Koch;Potamogetonaceae;CH;Bonfol;1945;Rytz W.;11a4991c-a059-4303-948a-3643b3e8b130
Sheet-0061947;Potamogeton;acutifolius;Link;Potamogeton acutifolius Link;Potamogetonaceae;CH;Bonfol, B.J. (small lake);1945;Farner A.;61bd87c9-34d6-47fa-b0ce-ae9c8381b878
Sheet-0061948;Potamogeton;acutifolius;Link;Potamogeton acutifolius Link;Potamogetonaceae;CH;Bonfol, B.J. (small lake);1945;Farner A.;36392901-0761-47ae-811b-0d60207dbafd
Sheet-0061912;Potamogeton;acutifolius;Link;Potamogeton acutifolius Link;Potamogetonaceae;CH;Bonfol, below Etang Rougeat;1958;Berger E.;8ed6cd78-3aed-4ae6-bfd2-7aee73ca9dc4
Sheet-0061905;Potamogeton;acutifolius;Link;Potamogeton acutifolius Link;Potamogetonaceae;CH;Bonfol, Corberie, fourth pond;1943;Berger E.;2be8568c-659b-44bd-8b28-8dd9f3008e2d
Sheet-0061913;Potamogeton;acutifolius;Link;Potamogeton acutifolius Link;Potamogetonaceae;CH;Bonfol, Corberie, fourth pond;1944;Berger E.;26141f0c-1fe7-44a2-8304-e76e19c125df
Sheet-0061914;Potamogeton;acutifolius;Link;Potamogeton acutifolius Link;Potamogetonaceae;CH;Bonfol, Corberie, fourth pond;1943;Berger E.;7d255e5f-8b50-4b8f-8fe9-095b8a2cecea
Sheet-0061969;Potamogeton;obtusifolius;M. et K.;Potamogeton obtusifolius Mert. & W. D. J. Koch;Potamogetonaceae;CH;Bonfol, Corberie, fourth pond;1943;Berger E.;25f03c37-9660-4aec-ba7d-0d0733a6cfbc
Sheet-0061970;Potamogeton;obtusifolius;M. et K.;Potamogeton obtusifolius Mert. & W. D. J. Koch;Potamogetonaceae;CH;Bonfol, Corberie, fourth pond;1943;Berger E.;4c785532-babf-4f44-be1c-d26bd05ed620
Sheet-0061971;Potamogeton;obtusifolius;M. et K.;Potamogeton obtusifolius Mert. & W. D. J. Koch;Potamogetonaceae;CH;Bonfol, Corberie, fourth pond;1943;Berger E.;f65978c9-f3f1-4d25-a52e-b075c8276617
Sheet-0061972;Potamogeton;obtusifolius;M. et K.;Potamogeton obtusifolius Mert. & W. D. J. Koch;Potamogetonaceae;CH;Bonfol, Corberie, fourth pond;1943;Berger E.;8210c570-77b2-45a9-8b27-313da0ca2838
Sheet-0061973;Potamogeton;obtusifolius;M. et K.;Potamogeton obtusifolius Mert. & W. D. J. Koch;Potamogetonaceae;CH;Bonfol, Corberie, fourth pond;1943;Berger E.;cef02f71-047f-4a98-8436-3cf08d75347e
Sheet-0061974;Potamogeton;obtusifolius;M. et K.;Potamogeton obtusifolius Mert. & W. D. J. Koch;Potamogetonaceae;CH;Bonfol, Corberie, fourth pond;1943;Berger E.;3d54c066-d9d0-48fb-8b53-94430aa84651
Sheet-0061975;Potamogeton;obtusifolius;M. et K.;Potamogeton obtusifolius Mert. & W. D. J. Koch;Potamogetonaceae;CH;Bonfol, Corberie, fourth pond;1943;Berger E.;8acbdb35-194c-4aae-895f-a2f6155ea867
Sheet-0061977;Potamogeton;obtusifolius;M. et K.;Potamogeton obtusifolius Mert. & W. D. J. Koch;Potamogetonaceae;CH;Bonfol, Corberie, fourth pond;1943;Berger E.;8156fe0a-3afc-4d04-a0f6-a55ea7ceacf2
Sheet-0061978;Potamogeton;obtusifolius;M. et K.;Potamogeton obtusifolius Mert. & W. D. J. Koch;Potamogetonaceae;CH;Bonfol, Corberie, fourth pond;1943;Berger E.;2d784cf5-9946-4f8f-851e-eb19f2980c5e
Sheet-0061979;Potamogeton;obtusifolius;M. et K.;Potamogeton obtusifolius Mert. & W. D. J. Koch;Potamogetonaceae;CH;Bonfol, Corberie, fourth pond;1943;Berger E.;1dc57160-adf4-4a92-9271-f079629b9d5e
Sheet-0061911;Potamogeton;acutifolius;Link;Potamogeton acutifolius Link;Potamogetonaceae;CH;Bonfol, Corberie, pond C. 3;1956;Berger E.;b86a88f1-b166-4acd-aff4-0a939480dc69
Sheet-0061907;Potamogeton;acutifolius;Link;Potamogeton acutifolius Link;Potamogetonaceae;CH;Bonfol, Corberie, pond in Champs de Manche 2;1956;Berger E.;a74da445-0d6e-4a96-8192-018fae1de0f1
Sheet-0061901;Potamogeton;acutifolius;Link;Potamogeton acutifolius Link;Potamogetonaceae;CH;Bonfol, Corberie, second pond;1943;Berger E.;94b682fe-908b-4d5f-93e6-65c2f053fc74
Sheet-0061902;Potamogeton;acutifolius;Link;Potamogeton acutifolius Link;Potamogetonaceae;CH;Bonfol, Corberie, second pond;1943;Berger E.;f36dff93-c742-477b-bd14-adbe0ca6f658
Sheet-0061903;Potamogeton;acutifolius;Link;Potamogeton acutifolius Link;Potamogetonaceae;CH;Bonfol, Corberie, second pond;1943;Berger E.;e320ab49-49c9-40ea-8f49-2f841f3a0f3a
Sheet-0061904;Potamogeton;acutifolius;Link;Potamogeton acutifolius Link;Potamogetonaceae;CH;Bonfol, Corberie, second pond;1943;Berger E.;8ad9856d-ba2c-4be5-a221-10a8209eae6d
Sheet-0061976;Potamogeton;obtusifolius;M. et K.;Potamogeton obtusifolius Mert. & W. D. J. Koch;Potamogetonaceae;CH;Bonfol, Corberie, second pond;1943;Berger E.;02e3a6cd-5631-474a-856e-6255c2543f9a
Sheet-0061909;Potamogeton;acutifolius;Link;Potamogeton acutifolius Link;Potamogetonaceae;CH;Bonfol, Corberie, third pond;1943;Berger E.;19ce860f-3d0f-4f34-92a7-907ade814e87
Sheet-0061910;Potamogeton;acutifolius;Link;Potamogeton acutifolius Link;Potamogetonaceae;CH;Bonfol, Corberie, third pond;1950;Berger E.;ca7e1083-e1c2-4b13-9d48-7d43b3648783
Sheet-0061915;Potamogeton;acutifolius;Link;Potamogeton acutifolius Link;Potamogetonaceae;CH;Bonfol, Corberie, third pond;1943;Berger E.;0a94b7ee-de69-4d28-b380-b2b9da4c22df
Sheet-0061908;Potamogeton;acutifolius;Link;Potamogeton acutifolius Link;Potamogetonaceae;CH;Bonfol, Etang du Milieu;1965;n.s.;2335b669-6bb3-4d0b-a8b1-159cecd13683
Sheet-0061906;Potamogeton;acutifolius;Link;Potamogeton acutifolius Link;Potamogetonaceae;CH;Bonfol, ponds area;1965;Attinger;6337b61d-1812-47c5-b1c6-e48467f8ae02
Sheet-0061950;Potamogeton;praelongus;Wulfen;Potamogeton praelongus Wulfen;Potamogetonaceae;CH;Brevine;0;n.s.;65434e01-ef16-4fcb-aafd-cc1cc9c42f2f
Sheet-0061916;Potamogeton;acutifolius;Link;Potamogeton acutifolius Link;Potamogetonaceae;CH;Fishing pond of Bonfol, north-east of Pruntrut;1965;Markgraf V.;d17fe6b6-ba75-441f-a05e-22888d8a704e
BERN-0065019;Androsace;carnea;L.;Androsace laggeri A.Huet;Primulaceae;CH;Fouly, Bernardo;1832;Thomas;8eb563e0-ebd1-453a-b820-62f7180b15b0
BERN-0065019_1;Androsace;carnea;L.;Androsace laggeri A.Huet;Primulaceae;CH;Fouly, Bernardo;1832;Thomas;8ae9cdf6-b5bf-4693-b5e8-869ee54273f5
Sheet-0061929;Potamogeton;coloratus;Hornem.;Potamogeton coloratus Hornem.;Potamogetonaceae;CH;Galmiz;1943;Berger E.;bbc7909b-539b-4e8a-8c4b-8a81a1922887
Sheet-0061930;Potamogeton;coloratus;Hornem.;Potamogeton coloratus Hornem.;Potamogetonaceae;CH;Galmiz;1951;Berger E.;945f4393-0121-4e87-9e2b-ddae3f6b44fe
Sheet-0061933;Potamogeton;coloratus;Hornem.;Potamogeton coloratus Hornem.;Potamogetonaceae;CH;Galmiz;1951;Berger E.;60f6f770-7d02-4c3f-af63-c23eb4a9b7ca
BERN-0065012;Taraxacum;Braun-Blanquettii f. agyrocarpum;van Soest;Taraxacum braun-blanquetii f. achyrocarpum Soest;Asteraceae;FR;Garden of the International Mediterranean and Alpine Geobotany Station (S.I.G.M.A.);1962;Sutter Ruben;c10fcedf-e2c5-4a04-a529-c9b2dc3535f4
BERN-0065013;Taraxacum;roseo-pedatum;van Soest;Taraxacum roseopedatum Soest;Asteraceae;FR;Garden of the International Mediterranean and Alpine Geobotany Station (S.I.G.M.A.);1962;Sutter Ruben;aae1b924-91cd-4bd3-b9a7-aeea998f791e
BERN-0065013_1;Taraxacum;roseo-pedatum;van Soest;Taraxacum roseopedatum Soest;Asteraceae;FR;Garden of the International Mediterranean and Alpine Geobotany Station (S.I.G.M.A.);1962;Sutter Ruben;7373b85d-edde-4c86-8eb3-50c1fb354cea
Sheet-0061967;Potamogeton;oblongus;Viv.;Potamogeton pectinatus L.;Potamogetonaceae;CH;Gola di Lago, north of Tesserete;1989;n.s.;63cf398d-c11c-4aa8-81b6-5316f7fc0f1c
BERN-0065008;Pulmonaria;helvetica;Bolliger;Pulmonaria helvetica Bolliger;Boraginaceae;CH;Gorge of the Carrouge stream, on the right bank of the stream;1975;Bolliger Markus;d6be459a-f2d1-4a03-b82f-f167afd6a742
Sheet-0061943;Potamogeton;praelongus;Wulfen;Potamogeton praelongus Wulfen;Potamogetonaceae;CH;Graeppelensee, northwest corner;1952;Sulger Bueel Ernst;9808c2cf-b9e3-4583-be39-cc1d8551dfb4
Sheet-0061940;Potamogeton;praelongus;Wulfen;Potamogeton praelongus Wulfen;Potamogetonaceae;CH;Graeppelensee, Toggenburg;1969;n.s.;52dcf2c6-4a57-4422-9250-d40458522dc8
Sheet-0061949;Potamogeton;praelongus;Wulfen;Potamogeton praelongus Wulfen;Potamogetonaceae;CH;Graeppelensee, Toggenburg;1969;Gerber Hch.;251f33de-f405-4877-a124-159509adc056
Sheet-0061937;Potamogeton;plantagineus Du;Croz ex Roem. & Schult.;Potamogeton coloratus Hornem.;Potamogetonaceae;CH;Gurbeacavas?;1869;n.s.;07ae1e90-3f70-4151-be1b-48bc05a3d991
Sheet-0061932;Potamogeton;coloratus;Hornem.;Potamogeton coloratus Hornem.;Potamogetonaceae;CH;Ins, west of the road to Murten;1943;Berger E.;3a3c8f0e-da69-419b-93a9-f17cfc8a82f8
BERN-0065018;Odontites;vulcanicus;Bolliger;Odontites vulcanicus Bolliger;Orobanchaceae;MA;Jbel Mischliffen;1988;Bolliger Markus | Moser Daniel M.;d1356a2f-89f5-417e-8467-c2d1c4bd9c76
BERN-0065018_1;Odontites;vulcanicus;Bolliger;Odontites vulcanicus Bolliger;Orobanchaceae;MA;Jbel Mischliffen;1988;Bolliger Markus | Moser Daniel M.;ff746194-9d05-4b03-bbc2-c4d720a868b2
Sheet-0061941;Potamogeton;praelongus;Wulfen;Potamogeton praelongus Wulfen;Potamogetonaceae;FI;Koli at Pielinen-See?;1981;n.s.;cb279821-a127-4aef-b56f-803c24954da6
Sheet-0061953;Potamogeton;praelongus;Wulfen;Potamogeton praelongus Wulfen;Potamogetonaceae;CH;Lac de Bretaye;1857;J.M.;7d101353-3877-4020-a030-0c1da0abf968
Sheet-0061954;Potamogeton;praelongus;Wulfen;Potamogeton praelongus Wulfen;Potamogetonaceae;CH;Lac de Bretaye;0;n.s.;e221baec-b8ce-4459-8305-1c344dd58649
Sheet-0061924;Potamogeton;compressus;L.;Potamogeton compressus L.;Potamogetonaceae;CH;Lac de la Brevine;0;Thomas;b3661f0f-a44c-43c0-98a4-70b51bfbd1fa
Sheet-0061918;Potamogeton;compressus;L.;Potamogeton compressus L.;Potamogetonaceae;CH;Lac des Tailleres;1905;Rytz W.;67d38403-a3a4-4c0a-b48b-06ed73ca4005
Sheet-0061919;Potamogeton;compressus;L.;Potamogeton compressus L.;Potamogetonaceae;CH;Lac des Tailleres;1866;Tieche Ed.;235f56fa-ef9f-4e52-8cb6-31b663457b45
Sheet-0061920;Potamogeton;compressus;L.;Potamogeton compressus L.;Potamogetonaceae;CH;Lac des Tailleres;1868;Grezet U.;c42f9c7a-ca5e-4c43-b5e4-bbe74106a4ae
Sheet-0061921;Potamogeton;compressus;L.;Potamogeton compressus L.;Potamogetonaceae;CH;Lac des Tailleres;1866;Tieche Ed.;648a8428-da1c-40a6-8316-95428e82e242
Sheet-0061922;Potamogeton;compressus;L.;Potamogeton compressus L.;Potamogetonaceae;CH;Lac des Tailleres;1866;Montandon R.;b7fbe67b-5089-4cf6-a522-045f60dd1768
Sheet-0061925;Potamogeton;compressus;L.;Potamogeton compressus L.;Potamogetonaceae;CH;Lac des Tailleres;1870;Perret Ali;82d961d4-d24b-4a2a-9944-aee7f35c63d7
Sheet-0061926;Potamogeton;compressus;L.;Potamogeton compressus L.;Potamogetonaceae;CH;Lac des Tailleres;1866;Tieche Ed.;9a87dd33-8ec6-4b0d-8c21-96f8b8a86c76
Sheet-0061927;Potamogeton;compressus;L.;Potamogeton compressus L.;Potamogetonaceae;CH;Lac des Tailleres;1905;n.s.;bf156483-07af-445d-9b40-1c4cdd680398
Sheet-0061923;Potamogeton;compressus;L.;Potamogeton compressus L.;Potamogetonaceae;CH;Lac des Tailleres;0;Payot;a08302be-785a-491c-b5d4-ed7befb2b15c
Sheet-0061951;Potamogeton;praelongus;Wulfen;Potamogeton praelongus Wulfen;Potamogetonaceae;CH;Lac des Tailleres;1866;R.;d6817e51-ddd6-43ad-9677-ac0967325763
Sheet-0061952;Potamogeton;praelongus;Wulfen;Potamogeton praelongus Wulfen;Potamogetonaceae;CH;Lac des Tailleres;1866;R.;6a5d53f8-a278-44e3-ad98-ffbbe7d3e113
Sheet-0061955;Potamogeton;praelongus;Wulfen;Potamogeton praelongus Wulfen;Potamogetonaceae;CH;Lac des Tailleres;1866;Tieche Ed.;f7abb188-af6d-46f7-981e-0a613ddd113f
Sheet-0061956;Potamogeton;praelongus;Wulfen;Potamogeton praelongus Wulfen;Potamogetonaceae;CH;Lac des Tailleres;1866;Grezet Ulysse;0248f879-1e14-4518-a83e-ef3fe3d23264
Sheet-0061957;Potamogeton;praelongus;Wulfen;Potamogeton praelongus Wulfen;Potamogetonaceae;CH;Lac des Tailleres;1866;Tieche Ed.;126e05ea-8939-449f-a3e5-67337131a5aa
Sheet-0061958;Potamogeton;polygonifolius;Pourret;Potamogeton polygonifolius Pourr.;Potamogetonaceae;CH;Lago di Muzzano;1943;Berger E.;c0e22d4e-2ed8-44f4-89dd-ded4e51080be
Sheet-0061959;Potamogeton;polygonifolius;Pourret;Potamogeton polygonifolius Pourr.;Potamogetonaceae;CH;Lago di Muzzano;1943;Berger E.;dacdc669-747a-45db-a9de-32507958e17e
Sheet-0061960;Potamogeton;polygonifolius;Pourret;Potamogeton polygonifolius Pourr.;Potamogetonaceae;CH;Lago di Muzzano;1943;Berger E.;453552e7-9246-43e4-9400-087e286794e6
Sheet-0061961;Potamogeton;polygonifolius;Pourret;Potamogeton polygonifolius Pourr.;Potamogetonaceae;CH;Lago di Muzzano;1943;Berger E.;943fd390-e9a5-4862-af2f-e0faaa452dd5
Sheet-0061962;Potamogeton;polygonifolius;Pourret;Potamogeton polygonifolius Pourr.;Potamogetonaceae;CH;Lago di Muzzano;1943;Berger E.;1e849103-e4b0-4570-a904-13347ccfe791
Sheet-0061942;Potamogeton;praelongus;Wulfen;Potamogeton praelongus Wulfen;Potamogetonaceae;CH;Lake of Davos, northeast part;1918;Noack M.;77b8701e-d570-4a07-89f7-abb820c8560c
Sheet-0061928;Potamogeton;plantagineus Du;Croz ex Roem. & Schult.;Potamogeton coloratus Hornem.;Potamogetonaceae;CH;Lingachmoos?;1878;n.s.;34641181-8e1b-4b66-8887-475f1c1ebe41
Sheet-0061965;Potamogeton;polygonifolius;Pourret;Potamogeton polygonifolius Pourr.;Potamogetonaceae;CH;Lurganese: Pianacce near Lisone;1959;Becherer A.;c825a07f-82a5-43c0-9303-0d7fb1095512
Sheet-0061964;Potamogeton;polygonifolius;Pourret;Potamogeton polygonifolius Pourr.;Potamogetonaceae;CH;Medeglia, Alpe di Medeglia;1950;Berger E.;5fd8e382-67f3-4f8c-ad42-51fb54456d5d
Sheet-0061966;Potamogeton;polygonifolius;Pourret;Potamogeton polygonifolius Pourr.;Potamogetonaceae;CH;Medeglia, Alpe di Medeglia;1950;Berger E.;e74cc0ff-497f-429e-ba3d-8e84acff1cef
Sheet-0061934;Potamogeton;coloratus;Hornem.;Potamogeton coloratus Hornem.;Potamogetonaceae;CH;Moulin de Cheyres;1972;Gerber H.;d01609e4-e759-4ff8-9a5f-80d7d4cfd412
BERN-0065014;Taraxacum;nitidiorum;van Soest;Taraxacum nitidiorum Soest;Asteraceae;FR;Murles;1964;Sutter Ruben;005df7a2-4b07-42ab-b7ee-521a51e68790
BERN-0065021;Heuchera;americana;;Heuchera americana L.;Saxifragaceae;US;n.s.;1981;Lindtner P.;6f535c1d-237a-4dc1-8115-5dc448e4cde6
BERN-0065015;Taraxacum;multidentatum;van Soest;Taraxacum multidentatum Soest;Asteraceae;FR;near Le Tinal, above Montferrier;1964;Sutter Ruben;060fab31-4023-4a45-ac39-ac8b2555ba02
BERN-0065015_1;Taraxacum;multidentatum;van Soest;Taraxacum multidentatum Soest;Asteraceae;FR;near Le Tinal, above Montferrier;1964;Sutter Ruben;667f5d60-741f-4a2d-8408-8d174ff2244d
BERN-0065016;Taraxacum;multidentatum;van Soest;Taraxacum multidentatum Soest;Asteraceae;FR;near Le Tinal, above Montferrier;1964;Sutter Ruben;9be9356b-22a3-40e3-8f19-3798989947ce
BERN-0065010;Hieracium;sp.;;Hieracium sutteri Soest in Sutter;Asteraceae;FR;North slope of Pic Saint-Loup;1962;Sutter Ruben;35faf868-28fe-4289-8835-85bd31699629
BERN-0065010_1;Hieracium;sp.;;Hieracium sutteri Soest in Sutter;Asteraceae;FR;North slope of Pic Saint-Loup;1962;Sutter Ruben;c0b0483f-1f50-458b-9e1b-1934d4b60aff
BERN-0065009;Hieracium;amplexicaule x stelligerum;Froel.;Hieracium sutteri Soest in Sutter;Asteraceae;FR;North slope of Pic Saint-Loup;1958;Sutter Ruben;ef035923-876a-4169-b7ed-ebb7167c824c
BERN-0065009_1;Hieracium;amplexicaule x stelligerum;Froel.;Hieracium sutteri Soest in Sutter;Asteraceae;FR;North slope of Pic Saint-Loup;1958;Sutter Ruben;2e6f0abd-4cbd-427a-9bbe-366a8d2bf575
BERN-0065009_2;Hieracium;amplexicaule x stelligerum;Froel.;Hieracium sutteri Soest in Sutter;Asteraceae;FR;North slope of Pic Saint-Loup;1958;Sutter Ruben;e28720e1-5fd2-473c-ae9b-180e74e86424
BERN-0065023;Saxifraga;spinulosa;Adam;Saxifraga spinulosa Adams;Saxifragaceae;RU;Olchon Insel;1984;Clerc Ph. | Ammann Klaus | Scheidegger Chr.;3882071b-6808-4bb1-aea2-4af46037097f
BERN-0065024;Saxifraga;spinulosa;Adam;Saxifraga spinulosa Adams;Saxifragaceae;RU;Olchon Insel;1984;Clerc Ph. | Ammann Klaus | Scheidegger Chr.;0a4b6c17-547a-470f-bb82-a4bc2a698bac
BERN-0065025;Saxifraga;spinulosa;Adam;Saxifraga spinulosa Adams;Saxifragaceae;RU;Olchon Insel;1984;Clerc Ph. | Ammann Klaus | Scheidegger Chr.;9a391f13-184a-470e-a82d-02c0f22a1b04
BERN-0065001;Pulmonaria;longifolia subsp. Glandulosa;Bolliger;Pulmonaria longifolia (Bastard) Boreau;Boraginaceae;PT;Road from Fundao to Alpedrinha, 0.1 km before the turnoff to Alcaide, on the right on the steep slope;1978;Bolliger Markus;423a18eb-b36a-440e-a444-4c0b53479b40
BERN-0065002;Pulmonaria;longifolia subsp. Glandulosa;Bolliger;Pulmonaria longifolia (Bastard) Boreau;Boraginaceae;PT;Road from Fundao to Alpedrinha, 0.1 km before the turnoff to Alcaide, on the right on the steep slope;1978;Bolliger Markus;9d7cf4ce-5e7f-43f3-8c8e-99553e648521
Sheet-0061968;Potamogeton;pusillus;L.;Potamogeton pusillus L.;Potamogetonaceae;CH;Sargans, halbinsel;1849;n.s.;67e2843e-0dd5-4d81-abec-cf1917d0422b
Sheet-0061944;Potamogeton;praelongus;Wulfen;Potamogeton praelongus Wulfen;Potamogetonaceae;CH;Schwarzsee, Davos-Laret;1948;Berger E.;48ebb7ad-ff89-470a-ba9c-07ed29108a6b
Sheet-0061945;Potamogeton;praelongus;Wulfen;Potamogeton praelongus Wulfen;Potamogetonaceae;CH;Schwarzsee, Davos-Laret;1948;Berger E.;95e989e8-eb92-4d3b-ba3a-db22566dedc4
Sheet-0061946;Potamogeton;praelongus;Wulfen;Potamogeton praelongus Wulfen;Potamogetonaceae;CH;Schwarzsee, Davos-Laret;1948;Berger E.;f400c55e-e50d-414f-8f00-f99d005c6396
Sheet-0061900;Potamogeton;friesii;Dupr.;Potamogeton pectinatus L.;Potamogetonaceae;CH;Shores of Zurich lake;0;Reynier;b5eca0af-a759-4ebc-8a4d-83438782e2b6
Sheet-0061899;Potamogeton;pectinatus;L.;Potamogeton pectinatus L.;Potamogetonaceae;CH;Shores of Zurich lake;0;Reynier;63e2044a-1d9f-484b-92e3-87d703d6abc4
BERN-0065020;Asplenium;Seelosii;Leybold;Asplenium seelosii Leybold;Aspleniaceae;ES;Sierra de Boumort;1908;Soulie J.;9e960bc2-35dc-4c19-a5d9-731420a4b006
BERN-0065020_1;Asplenium;Seelosii;Leybold;Asplenium seelosii Leybold;Aspleniaceae;ES;Sierra de Boumort;1908;Soulie J.;6e4577d3-8216-420d-8526-8f38b25ed434
BERN-0065029;Saxifraga;sp.;;Saxifraga sp.;Saxifragaceae;RU;Suedspitze der Insel Olchon, Bucht von Sagli;1984;Clerc Ph. | Ammann Klaus | Scheidegger Chr.;552ad731-978f-4718-91bd-25755e4ddeda
BERN-0065032;Parnassia;palustris;L.;Parnassia palustris L.;Saxifragaceae;RU;Suedteil der Insel Olchon;1984;Clerc Ph. | Ammann Klaus | Scheidegger Chr.;22fe2df4-ef5e-4db2-879d-f7b4489e0870
Sheet-0061936;Potamogeton;coloratus;Vahl;Potamogeton coloratus Hornem.;Potamogetonaceae;CH;Uttigen Station, on a hill;1898;Streun Rob.;95965f10-8092-47c0-92f6-5273a600aca7
BERN-0065022;Saxifraga;lingulata;Bell.;Saxifraga callosa Sm.;Saxifragaceae;FR;Vallon du Vernet;1963;Hauser E.;f9937959-3002-4451-9ff3-9980742aff62
BERN-0065017;Taraxacum;autumnaliforme;van Soest;Taraxacum autumnaliforme Soest;Asteraceae;FR;Viols-le-Fort;1964;Sutter Ruben;c35cd4df-eeca-44e9-a9d8-e45fdd1b1fa6
BERN-0065011;Taraxacum;autumnaliforme;van Soest;Taraxacum autumnaliforme Soest;Asteraceae;FR;Viols-le-Fort;1964;Sutter Ruben;4324a53b-10c1-40d5-a32e-8cce67d23f85
BERN-0065011_1;Taraxacum;autumnaliforme;van Soest;Taraxacum autumnaliforme Soest;Asteraceae;FR;Viols-le-Fort;1964;Sutter Ruben;1be4fe7b-8821-4ea2-8297-09fc4c3761d2
Sheet-0061938;Potamogeton;plantagineus Du;Croz ex Roem. & Schult.;Potamogeton coloratus Hornem.;Potamogetonaceae;CH;Wabern, along the Aar, in Eichholzmoos;1898;n.s.;6a90b71e-8f7a-4eca-9548-fca90773d1f7
Sheet-0061939;Potamogeton;fluitans;Roth;Potamogeton fluitans Roth;Potamogetonaceae;CH;Yverdon;1940;Zwicky H.;10889a53-8a96-4ef5-85df-4dbf4fa4e8c7
BERN-0065027;Saxifraga;dahurica;Willd.;Micranthes davurica (Willd.) Small;Saxifragaceae;RU;Zwischen den Fluessen Schartla und Anjutcha;1984;Clerc Ph. | Ammann Klaus | Scheidegger Chr.;9a77a9ed-43d0-414c-9efe-32b58faffda6
BERN-0065028;Saxifraga;dahurica;Willd.;Micranthes davurica (Willd.) Small;Saxifragaceae;RU;Zwischen den Fluessen Schartla und Anjutcha;1984;Clerc Ph. | Ammann Klaus | Scheidegger Chr.;95b25eb4-d139-4d6a-968c-bba0fd927ce7
BERN-0065026;Saxifraga;spinulosa;Adam;Saxifraga spinulosa Adams;Saxifragaceae;RU;Zwischen den Fluessen Schartla und Anjutcha;1984;Clerc Ph. | Ammann Klaus | Scheidegger Chr.;4b5fb8ae-e020-412e-b833-dd5bed6a6c81
